"INV-CODE"	USER	BRAND - MODEL	SPECS	S/N	LOCATION	CONDITION	/	"PURCHASE (YEAR)"	Column 1
KCSDESK-01	Regina Beverdijk	HP - ELITEDESK 800 G1 SFF	INTEL CORE  i5-4570 3.20GHz		Finance Administratie			
KCSDESK-02	Renuka Karoe	HP - ELITEDESK 800 G1 SFF			Finance Administratie			
KCSDESK-03		HP - ELITEDESK 800 G1 SFF			Storage	USE FOR PARTS		
KCSDESK-04	Administratie Bovenbouw	HP - ELITEDESK 800 G1 SFF			Dependance Administratie			
KCSDESK-05	Rachel Sweet 	HP - ELITEDESK 800 G1 SFF			Finance Administratie			
KCSDESK-06		HP - ELITEDESK 800 G1 SFF			Storage	USE FOR PARTS		
KCSDESK-07	Sheryl Setrodjemino	HP - ELITEDESK 800 G1 SFF		CZC4234FSB	Secretariaat			
KCSDESK-09	ICT Afdeling	HP - ELITEDESK 800 G1 SFF		CZC51915VM	Server Room KCS			
KCSDESK-10	Brigitte Tomoredjo	HP - ELITEDESK 800 G1 SFF			KH Administratie			
KCSDESK-11	DONATIE  HOKSTAM	HP - PRODESK 400 G7		CZC122C509				
KCSDESK-12	TAHIRA 	HP - PRODESK 400 G7		CZC1229LML	KO ADMINISTRATIE			
13 T/M 18 	DONATIE HOKSTAM - BAASARON	HP - PRODESK 400 G7							6
KCSDESK-19		HP - PRODESK 400 G7	Intel core i5 -10500 cpu @3.10GHz  | 8GB/256SSD | WIN11PRO		ICT KANTOOR	GOOD		18 SEPT 2025	
KCSDESK-20		HP - PRODESK 400 G7	Intel core i5 -10500 cpu @3.10GHz  | 8GB/256SSD | WIN11 PRO	CZC122BNGJ	ICT KANTOOR	GOOD		18 SEPT 2025	
KCSDESK-21		HP - PRODESK 400 G7	Intel core i5 -10500 cpu @3.10GHz  | 8GB/256SSD | WIN11 PRO	CZC122BNJ5	ICT KANTOOR	GOOD		18 SEPT 2025	
KCSDESK-22		HP - PRODESK 400 G7	Intel core i5 -10500 cpu @3.10GHz  | 8GB/256SSD | WIN11 PRO	CZC122BP5J	ICT KANTOOR	GOOD		18 SEPT 2025	
KCSDESK-23		HP - PRODESK 400 G7	Intel core i5 -10500 cpu @3.10GHz  | 8GB/256SSD | WIN11 PRO	CZC122C50H	ICT KANTOOR	GOOD		18 SEPT 2025	
KCSDESK-24		HP - PRODESK 400 G7	Intel core i5 -10500 cpu @3.10GHz  | 8GB/256SSD | WIN11 PRO	CZC122BNGY	ICT KANTOOR	GOOD		18 SEPT 2025	
KCSDESK-25		HP - PRODESK 400 G7	Intel core i5 -10500 cpu @3.10GHz  | 8GB/256SSD | WIN11 PRO	CZC122C4YK	ICT KANTOOR	GOOD		18 SEPT 2025	
KCSDESK-26		HP - PRODESK 400 G7	Intel core i5 -10500 cpu @3.10GHz  | 8GB/256SSD | WIN11 PRO	CZC122BJNH	ICT KANTOOR	GOOD		18 SEPT 2025	
KCSDESK-27		HP - PRODESK 400 G7	Intel core i5 -10500 cpu @3.10GHz  | 8GB/256SSD | WIN11 PRO	CZC122C4ML	ICT KANTOOR			18 SEPT 2025	
KCSDESK-28		HP - PRODESK 400 G7	Intel core i5 -10500 cpu @3.10GHz  | 8GB/256SSD | WIN11 PRO	CZC122C4YT	ICT KANTOOR			18 SEPT 2025	
KCSDESK-29		HP - PRODESK 400 G7	Intel core i5 -10500 cpu @3.10GHz  | 8GB/256SSD | WIN11 PRO	CZC122BJP3	ICT KANTOOR			18 SEPT 2025	
KCSDESK-30		HP - PRODESK 400 G7	Intel core i5 -10500 cpu @3.10GHz  | 8GB/256SSD | WIN11 PRO	CZC122C4WG	ICT KANTOOR			18 SEPT 2025	
KCSDESK-31		HP - PRODESK 400 G7	Intel core i5 -10500 cpu @3.10GHz  | 8GB/256SSD | WIN11 PRO	CZC122BND1	ICT KANTOOR			18 SEPT 2025	
KCSDESK-32		HP - PRODESK 400 G7	Intel core i5 -10500 cpu @3.10GHz  | 8GB/256SSD | WIN11 PRO	CZC122BP5L	ICT KANTOOR			18 SEPT 2025	
KCSDESK-33		HP - PRODESK 400 G7	Intel core i5 -10500 cpu @3.10GHz  | 8GB/256SSD | WIN11 PRO	CZC122BJPQ	ICT KANTOOR			18 SEPT 2025	
KCSDESK-34		HP - PRODESK 400 G7	Intel core i5 -10500 cpu @3.10GHz  | 8GB/256SSD | WIN11 PRO	CZC122CLDY	ICT KANTOOR			18 SEPT 2025	
KCSDESK-35		HP - PRODESK 400 G7	Intel core i5 -10500 cpu @3.10GHz  | 8GB/256SSD | WIN11 PRO	CZC122BMN2	ICT KANTOOR			18 SEPT 2025	
KCSDESK-36		HP - PRODESK 400 G7	Intel core i5 -10500 cpu @3.10GHz  | 8GB/256SSD | WIN11 PRO	CZC122C4WZ	ICT KANTOOR			18 SEPT 2025	
KCSDESK-37		HP - PRODESK 400 G7	Intel core i5 -10500 cpu @3.10GHz  | 8GB/256SSD | WIN11 PRO	CZC122BNCM	ICT KANTOOR			18 SEPT 2025	
KCSDESK-38		HP - PRODESK 400 G7	Intel core i5 -10500 cpu @3.10GHz  | 8GB/256SSD | WIN11 PRO	CZC122BNCQ	ICT KANTOOR			18 SEPT 2025	
KCSDESK-39		HP - PRODESK 400 G7	Intel core i5 -10500 cpu @3.10GHz  | 8GB/256SSD | WIN11 PRO	CZC122BJPQ	ICT KANTOOR			18 SEPT 2025	
KCSDESK-40		HP - PRODESK 400 G7	Intel core i5 -10500 cpu @3.10GHz  | 8GB/256SSD | WIN11 PRO	CZC122BJMV	ICT KANTOOR			18 SEPT 2025	
KCSDESK-41		HP - PRODESK 400 G7	Intel core i5 -10500 cpu @3.10GHz  | 8GB/256SSD | WIN11 PRO	CZC122BNJ2	ICT KANTOOR			18 SEPT 2025	
KCSDESK-42		HP - PRODESK 400 G7	Intel core i5 -10500 cpu @3.10GHz  | 8GB/256SSD | WIN11 PRO	CZC122BJP7	ICT KANTOOR			18 SEPT 2025	
KCSDESK-43		HP - PRODESK 400 G7	Intel core i5 -10500 cpu @3.10GHz  | 8GB/256SSD | WIN11 PRO	CZC122C4ZV	ICT KANTOOR			18 SEPT 2025	
KCSDESK-44		HP - PRODESK 400 G7	Intel core i5 -10500 cpu @3.10GHz  | 8GB/256SSD | WIN11 PRO	CZC122CLDH	ICT KANTOOR			18 SEPT 2025	
KCSDESK-45		HP - PRODESK 400 G7	Intel core i5 -10500 cpu @3.10GHz  | 8GB/256SSD | WIN11 PRO	CZC122BJM9	ICT KANTOOR			18 SEPT 2025
