"INV-CODE"	"/"	"BRAND - MODEL"	"SPECS"	"P/N"	"S/N"	"LOCATION"	"CONDITION"	"PURCHASE (YEAR)"	"OPM"
KCSMD01		HP - PRODESK 600 G5 Mini	"intel i5-9500T @ 2.20GHZ
8 GB Ram | WIN11 PRO"	6FY52AV	8CC9451PYC	7B	GOOD		
KCSMD02		HP - PRODESK 600 G5 Mini	"intel i5-9500T @ 2.20GHZ
8 GB Ram | WIN11 PRO"	6FY52AV	8CC93539T3	7A	GOOD		
KCSMD03		HP - PRODESK 400 G5 Mini	"intel i5-9500T @ 2.20GHZ
8 GB Ram | WIN11 PRO"	7PG49EA#ABD	8CC94800ZH	8A	GOOD		
KCSMD04		HP ProDesk 600 G3 Mini	"intel i5-9500T @ 2.20GHZ
8 GB Ram | WIN11 PRO"	6FY52AV	8CC0320Y5J	3C	GOOD		
KCSMD05						3B	GOOD		
KCSMD06		HP - PRODESK 400 G5 Mini	intel i5-9500T	7PG49EA#ABD	8CC9480166	ICT KANTOOR			
KCSMD07		HP ProDesk 400 G4 Desktop Mini PC	"intel i5-8500T @ 2.10GHZ
8 GB Ram, 256 GB SSD"	4CZ90EA#ABD	8CC8240M2M	5A	GOOD		
KCSMD08		HP - PRODESK 400 G5 Mini	intel i5-9500T		8CC9480166	LOK15			
KCSMD09		HP ProDesk 600 G3 Mini	"intel i5-7500T @ 2.70GHZ
8 GB Ram, 256 GB SSD"	Y3A52AV	8CG801M09	4D	GOOD		
KCSMD10		HP ProDesk 600 G3 Mini	"intel i5-7500T @ 2.70GHZ
8 GB Ram, 256 GB SSD"	Y3A52AV	8CG9210BLQ	1D	GOOD		
KCSMD11		HP ProDesk 600 G3 Mini	"intel i5-7500T @ 2.70GHZ
8 GB Ram, 256 GB SSD"		8CG8343N63	8B	GOOD		
KCSMD12		HP ProDesk 600 G3 Mini	"intel i5-7500T @ 2.70GHZ
8 GB Ram, 256 GB SSD"		8CG83434WY	8C	GOOD		
KCSMD13		HP ProDesk 600 G3 Mini	"intel i5-7500T @ 2.70GHZ
8 GB Ram, 256 GB SSD"		8CG8343AWF	7D	GOOD		
KCSMD14					8CG92274TT	3A			
KCSMD15		HP ProDesk 600 G3 Mini	"intel i5-7500T @ 2.70GHZ
4 GB Ram, 256 GB SSD"	Y3A52AV	8CG9244VYQ	4A	GOOD		
KCSMD16		HP ProDesk 600 G3 Mini	"intel i5-7500T @ 2.70GHZ
8 GB Ram, 256 GB SSD"	Y3A52AV	8CG9011GL1	5B	GOOD		
KCSMD17					8CG851BMN5	LOK14			
KCSMD18					8CG84029RK	KH			
KCSMD19					8CG83434WS	C1 			
KCSMD20		HP ProDesk 600 G3 Mini	"intel i5-7500T @ 2.70GHZ
8 GB Ram, 256 GB SSD"	Y3A52AV	8CG851BMNB	2A	GOOD		
KCSMD21		HP ProDesk 600 G3 Mini	"intel i5-7500T @ 2.70GHZ
8 GB Ram, 256 GB SSD"	Y3A52AV	8CG851BMLT	4B	GOOD		
KCSMD22		HP ProDesk 600 G3 Mini	"intel i5-7500T @ 2.70GHZ
8 GB Ram, 238 GB SSD"	Y3A52AV	8CG84029RJ	ICT KANTOOR	GOOD		
KCSMD23		HP ProDesk 600 G3 Mini	"intel i5-7500T @ 2.70GHZ
8 GB Ram, 256 GB SSD"	Y3A52AV	8CG9011GK6	ICT KANTOOR	GOOD		
KCSMD24		HP ProDesk 600 G3 Mini	"intel i5-7500T @ 2.70GHZ
8 GB Ram, 256 GB SSD"	Y3A52AV	8CG9244B2D	ICT KANTOOR	GOOD		
KCSMD25		HP ProDesk 600 G3 Mini	"Intel i5-7500T @ 2.70GHZ 
12 GB Ram, 256 GB SSD"	Y3A52AV	8CG84029XK	ICT kantoor	GOOD	9 Feb 2026	
KCSMD26		HP EliteDesk 800 G3 Mini 35W	"intel i5-7500T @ 2.70GHZ 
8 GB Ram, 256 GB SSD"	Y3A6AV	8CG9307V5Y	ICT kantoor	GOOD	9 Feb 2026	
KCSMD27		HP ProDesk 600 G3 Mini	"intel i5-7500T @ 2.70GHZ
8 GB Ram, 256 GB SSD"	Y3A52AV	8CG84029WK	ICT kantoor	GOOD	9 Feb 2026	
KCSMD28		HP EliteDesk 800 G3 Mini 35W	"intel i5-7500T @ 2.70GHZ
8 GB Ram, 256 GB SSD"	Y3A16AV	8CG9307V64	ICT kantoor	GOOD	9 Feb 2026	
KCSMD29		HP ProDesk 600 G3 Mini	"intel i5-7500T @ 2.70GHZ
8 GB Ram, 256 GB SSD"	Y3A52AV	8CG9011GHS	ICT kantoor	GOOD	9 Feb 2026	
KCSMD30		HP ProDesk 600 G3 Mini	"intel i5-7500T @ 2.70GHZ
8 GB Ram, 256 GB SSD"	Y3A52AV	8CG9011M0S	ICT kantoor	GOOD		
